{
  "categories_list": {
    "featured": [
      "/livros?Livros",
      "/canetas?Canetas",
      "/lapis?Lapis",
      "/papel-e-cadernos?Papel e Cadernos",
      "/arte?Arte",
      "/mochila-e-estojo?Mochila e Estojo",
      "/literatura-crista?Literatura Cristã"
    ],
    "random": 7,
    "full_width": true
  },
  "menu_all_departments": true,
  "centralized_logo": false,
  "marketing_stripe": {
    "text": "Aproveite nossos descontos de até 50%!",
    "link": "/promotion",
    "background": "#329e4e"
  },
  "alphabetical_order_submenu": true,
  "name_all_departments": "",
  "search_input": true,
  "desktop_megamenu": true,
  "full_width_submenu": false,
  "contacts_stripe": {
    "pages": [
      {
        "title": "Sobre nós",
        "link": "/pages/sobre-nos"
      },
      {
        "title": "Esta loja é um PWA",
        "link": "/posts/esta-loja-e-um-pwa"
      }
    ],
    "phone_wpp": true,
    "socials": true
  }
}
